﻿Designator,Footprint,Quantity,Value,LCSC Part #
A1,Arduino_Nano,1,Arduino_Nano_ESP32,
BRD1,128x64OLED,1,SSD1306,
"D1, D10, D11, D12, D13, D14, D15, D16, D17, D18, D19, D2, D20, D21, D3, D4, D5, D6, D7, D8, D9",D_DO-35_SOD27_P7.62mm_Horizontal,21,1N4148,
"J1, J2",PJ-320A,2,AudioJack4,
JP1,JUP_P5.08mm,1,JUP_P5.08mm,
R2,R_Axial_DIN0207_L6.3mm_D2.5mm_P10.16mm_Horizontal,1,2.2k,
"SW1, SW10, SW11, SW12, SW13, SW14, SW15, SW16, SW17, SW18, SW19, SW2, SW20, SW21, SW3, SW4, SW5, SW6, SW7, SW8, SW9",Kailh_socket_PG1350_reversible,21,KS33_SW_HS,
SW22,Slide_Switch_SPDT_P3mm_10x5x10mm,1,Slide_Switch_SPDT_P3mm_10x5x10mm,
U1,TSOT-23-6,1,TP4057,
