{
  "matrix_outer_bottom": {
    "x": -0.1736482,
    "y": -0.9848078,
    "r": 8,
    "meta": {
      "stagger": -1,
      "spread": 19,
      "splay": 18,
      "origin": [
        0,
        0
      ],
      "orient": 0,
      "shift": [
        0,
        0
      ],
      "rotate": 0,
      "adjust": {},
      "width": 18,
      "height": 18,
      "padding": 19,
      "autobind": 10,
      "skip": false,
      "asym": "both",
      "colrow": "outer_bottom",
      "name": "matrix_outer_bottom",
      "zone": {
        "columns": {
          "outer": {
            "key": {
              "stagger": -1,
              "splay": 18
            },
            "rows": {
              "tmot": {
                "skip": true
              }
            },
            "name": "outer"
          },
          "pinky": {
            "key": {
              "stagger": 3
            },
            "rows": {
              "tmot": {
                "skip": true
              }
            },
            "name": "pinky"
          },
          "ring": {
            "key": {
              "stagger": 8,
              "splay": -6
            },
            "rows": {
              "tmot": {
                "skip": true
              }
            },
            "name": "ring"
          },
          "middle": {
            "rows": {
              "tmot": {
                "skip": true
              }
            },
            "key": {
              "stagger": 5,
              "splay": -2
            },
            "name": "middle"
          },
          "index": {
            "rows": {
              "tmot": {
                "skip": true
              }
            },
            "key": {
              "stagger": -5
            },
            "name": "index"
          },
          "inner": {
            "rows": {
              "tmot": {
                "skip": true
              }
            },
            "key": {
              "stagger": -6
            },
            "name": "inner"
          }
        },
        "rows": {
          "bottom": {},
          "home": {},
          "top": {},
          "tmot": {}
        },
        "name": "matrix"
      },
      "col": {
        "key": {
          "stagger": -1,
          "splay": 18
        },
        "rows": {
          "tmot": {
            "skip": true
          }
        },
        "name": "outer"
      },
      "row": "bottom",
      "bind": [
        10,
        0,
        0,
        0
      ]
    }
  },
  "matrix_outer_home": {
    "x": -2.8179371,
    "y": 17.8302855,
    "r": 8,
    "meta": {
      "stagger": -1,
      "spread": 19,
      "splay": 18,
      "origin": [
        0,
        0
      ],
      "orient": 0,
      "shift": [
        0,
        0
      ],
      "rotate": 0,
      "adjust": {},
      "width": 18,
      "height": 18,
      "padding": 19,
      "autobind": 10,
      "skip": false,
      "asym": "both",
      "colrow": "outer_home",
      "name": "matrix_outer_home",
      "zone": {
        "columns": {
          "outer": {
            "key": {
              "stagger": -1,
              "splay": 18
            },
            "rows": {
              "tmot": {
                "skip": true
              }
            },
            "name": "outer"
          },
          "pinky": {
            "key": {
              "stagger": 3
            },
            "rows": {
              "tmot": {
                "skip": true
              }
            },
            "name": "pinky"
          },
          "ring": {
            "key": {
              "stagger": 8,
              "splay": -6
            },
            "rows": {
              "tmot": {
                "skip": true
              }
            },
            "name": "ring"
          },
          "middle": {
            "rows": {
              "tmot": {
                "skip": true
              }
            },
            "key": {
              "stagger": 5,
              "splay": -2
            },
            "name": "middle"
          },
          "index": {
            "rows": {
              "tmot": {
                "skip": true
              }
            },
            "key": {
              "stagger": -5
            },
            "name": "index"
          },
          "inner": {
            "rows": {
              "tmot": {
                "skip": true
              }
            },
            "key": {
              "stagger": -6
            },
            "name": "inner"
          }
        },
        "rows": {
          "bottom": {},
          "home": {},
          "top": {},
          "tmot": {}
        },
        "name": "matrix"
      },
      "col": {
        "key": {
          "stagger": -1,
          "splay": 18
        },
        "rows": {
          "tmot": {
            "skip": true
          }
        },
        "name": "outer"
      },
      "row": "home",
      "bind": [
        10,
        10,
        10,
        0
      ]
    }
  },
  "matrix_outer_top": {
    "x": -5.462226,
    "y": 36.6453788,
    "r": 8,
    "meta": {
      "stagger": -1,
      "spread": 19,
      "splay": 18,
      "origin": [
        0,
        0
      ],
      "orient": 0,
      "shift": [
        0,
        0
      ],
      "rotate": 0,
      "adjust": {},
      "width": 18,
      "height": 18,
      "padding": 19,
      "autobind": 10,
      "skip": false,
      "asym": "both",
      "colrow": "outer_top",
      "name": "matrix_outer_top",
      "zone": {
        "columns": {
          "outer": {
            "key": {
              "stagger": -1,
              "splay": 18
            },
            "rows": {
              "tmot": {
                "skip": true
              }
            },
            "name": "outer"
          },
          "pinky": {
            "key": {
              "stagger": 3
            },
            "rows": {
              "tmot": {
                "skip": true
              }
            },
            "name": "pinky"
          },
          "ring": {
            "key": {
              "stagger": 8,
              "splay": -6
            },
            "rows": {
              "tmot": {
                "skip": true
              }
            },
            "name": "ring"
          },
          "middle": {
            "rows": {
              "tmot": {
                "skip": true
              }
            },
            "key": {
              "stagger": 5,
              "splay": -2
            },
            "name": "middle"
          },
          "index": {
            "rows": {
              "tmot": {
                "skip": true
              }
            },
            "key": {
              "stagger": -5
            },
            "name": "index"
          },
          "inner": {
            "rows": {
              "tmot": {
                "skip": true
              }
            },
            "key": {
              "stagger": -6
            },
            "name": "inner"
          }
        },
        "rows": {
          "bottom": {},
          "home": {},
          "top": {},
          "tmot": {}
        },
        "name": "matrix"
      },
      "col": {
        "key": {
          "stagger": -1,
          "splay": 18
        },
        "rows": {
          "tmot": {
            "skip": true
          }
        },
        "name": "outer"
      },
      "row": "top",
      "bind": [
        10,
        10,
        10,
        0
      ]
    }
  },
  "matrix_pinky_bottom": {
    "x": 18.2239258,
    "y": 4.6302853,
    "r": 8,
    "meta": {
      "stagger": 3,
      "spread": 19,
      "splay": 0,
      "origin": [
        0,
        0
      ],
      "orient": 0,
      "shift": [
        0,
        0
      ],
      "rotate": 0,
      "adjust": {},
      "width": 18,
      "height": 18,
      "padding": 19,
      "autobind": 10,
      "skip": false,
      "asym": "both",
      "colrow": "pinky_bottom",
      "name": "matrix_pinky_bottom",
      "zone": {
        "columns": {
          "outer": {
            "key": {
              "stagger": -1,
              "splay": 18
            },
            "rows": {
              "tmot": {
                "skip": true
              }
            },
            "name": "outer"
          },
          "pinky": {
            "key": {
              "stagger": 3
            },
            "rows": {
              "tmot": {
                "skip": true
              }
            },
            "name": "pinky"
          },
          "ring": {
            "key": {
              "stagger": 8,
              "splay": -6
            },
            "rows": {
              "tmot": {
                "skip": true
              }
            },
            "name": "ring"
          },
          "middle": {
            "rows": {
              "tmot": {
                "skip": true
              }
            },
            "key": {
              "stagger": 5,
              "splay": -2
            },
            "name": "middle"
          },
          "index": {
            "rows": {
              "tmot": {
                "skip": true
              }
            },
            "key": {
              "stagger": -5
            },
            "name": "index"
          },
          "inner": {
            "rows": {
              "tmot": {
                "skip": true
              }
            },
            "key": {
              "stagger": -6
            },
            "name": "inner"
          }
        },
        "rows": {
          "bottom": {},
          "home": {},
          "top": {},
          "tmot": {}
        },
        "name": "matrix"
      },
      "col": {
        "key": {
          "stagger": 3
        },
        "rows": {
          "tmot": {
            "skip": true
          }
        },
        "name": "pinky"
      },
      "row": "bottom",
      "bind": [
        10,
        0,
        0,
        10
      ]
    }
  },
  "matrix_pinky_home": {
    "x": 15.5796369,
    "y": 23.4453786,
    "r": 8,
    "meta": {
      "stagger": 3,
      "spread": 19,
      "splay": 0,
      "origin": [
        0,
        0
      ],
      "orient": 0,
      "shift": [
        0,
        0
      ],
      "rotate": 0,
      "adjust": {},
      "width": 18,
      "height": 18,
      "padding": 19,
      "autobind": 10,
      "skip": false,
      "asym": "both",
      "colrow": "pinky_home",
      "name": "matrix_pinky_home",
      "zone": {
        "columns": {
          "outer": {
            "key": {
              "stagger": -1,
              "splay": 18
            },
            "rows": {
              "tmot": {
                "skip": true
              }
            },
            "name": "outer"
          },
          "pinky": {
            "key": {
              "stagger": 3
            },
            "rows": {
              "tmot": {
                "skip": true
              }
            },
            "name": "pinky"
          },
          "ring": {
            "key": {
              "stagger": 8,
              "splay": -6
            },
            "rows": {
              "tmot": {
                "skip": true
              }
            },
            "name": "ring"
          },
          "middle": {
            "rows": {
              "tmot": {
                "skip": true
              }
            },
            "key": {
              "stagger": 5,
              "splay": -2
            },
            "name": "middle"
          },
          "index": {
            "rows": {
              "tmot": {
                "skip": true
              }
            },
            "key": {
              "stagger": -5
            },
            "name": "index"
          },
          "inner": {
            "rows": {
              "tmot": {
                "skip": true
              }
            },
            "key": {
              "stagger": -6
            },
            "name": "inner"
          }
        },
        "rows": {
          "bottom": {},
          "home": {},
          "top": {},
          "tmot": {}
        },
        "name": "matrix"
      },
      "col": {
        "key": {
          "stagger": 3
        },
        "rows": {
          "tmot": {
            "skip": true
          }
        },
        "name": "pinky"
      },
      "row": "home",
      "bind": [
        10,
        10,
        10,
        10
      ]
    }
  },
  "matrix_pinky_top": {
    "x": 12.9353479,
    "y": 42.2604719,
    "r": 8,
    "meta": {
      "stagger": 3,
      "spread": 19,
      "splay": 0,
      "origin": [
        0,
        0
      ],
      "orient": 0,
      "shift": [
        0,
        0
      ],
      "rotate": 0,
      "adjust": {},
      "width": 18,
      "height": 18,
      "padding": 19,
      "autobind": 10,
      "skip": false,
      "asym": "both",
      "colrow": "pinky_top",
      "name": "matrix_pinky_top",
      "zone": {
        "columns": {
          "outer": {
            "key": {
              "stagger": -1,
              "splay": 18
            },
            "rows": {
              "tmot": {
                "skip": true
              }
            },
            "name": "outer"
          },
          "pinky": {
            "key": {
              "stagger": 3
            },
            "rows": {
              "tmot": {
                "skip": true
              }
            },
            "name": "pinky"
          },
          "ring": {
            "key": {
              "stagger": 8,
              "splay": -6
            },
            "rows": {
              "tmot": {
                "skip": true
              }
            },
            "name": "ring"
          },
          "middle": {
            "rows": {
              "tmot": {
                "skip": true
              }
            },
            "key": {
              "stagger": 5,
              "splay": -2
            },
            "name": "middle"
          },
          "index": {
            "rows": {
              "tmot": {
                "skip": true
              }
            },
            "key": {
              "stagger": -5
            },
            "name": "index"
          },
          "inner": {
            "rows": {
              "tmot": {
                "skip": true
              }
            },
            "key": {
              "stagger": -6
            },
            "name": "inner"
          }
        },
        "rows": {
          "bottom": {},
          "home": {},
          "top": {},
          "tmot": {}
        },
        "name": "matrix"
      },
      "col": {
        "key": {
          "stagger": 3
        },
        "rows": {
          "tmot": {
            "skip": true
          }
        },
        "name": "pinky"
      },
      "row": "top",
      "bind": [
        10,
        10,
        10,
        10
      ]
    }
  },
  "matrix_ring_bottom": {
    "x": 35.9256343,
    "y": 15.1967189,
    "r": 2,
    "meta": {
      "stagger": 8,
      "spread": 19,
      "splay": -6,
      "origin": [
        0,
        0
      ],
      "orient": 0,
      "shift": [
        0,
        0
      ],
      "rotate": 0,
      "adjust": {},
      "width": 18,
      "height": 18,
      "padding": 19,
      "autobind": 10,
      "skip": false,
      "asym": "both",
      "colrow": "ring_bottom",
      "name": "matrix_ring_bottom",
      "zone": {
        "columns": {
          "outer": {
            "key": {
              "stagger": -1,
              "splay": 18
            },
            "rows": {
              "tmot": {
                "skip": true
              }
            },
            "name": "outer"
          },
          "pinky": {
            "key": {
              "stagger": 3
            },
            "rows": {
              "tmot": {
                "skip": true
              }
            },
            "name": "pinky"
          },
          "ring": {
            "key": {
              "stagger": 8,
              "splay": -6
            },
            "rows": {
              "tmot": {
                "skip": true
              }
            },
            "name": "ring"
          },
          "middle": {
            "rows": {
              "tmot": {
                "skip": true
              }
            },
            "key": {
              "stagger": 5,
              "splay": -2
            },
            "name": "middle"
          },
          "index": {
            "rows": {
              "tmot": {
                "skip": true
              }
            },
            "key": {
              "stagger": -5
            },
            "name": "index"
          },
          "inner": {
            "rows": {
              "tmot": {
                "skip": true
              }
            },
            "key": {
              "stagger": -6
            },
            "name": "inner"
          }
        },
        "rows": {
          "bottom": {},
          "home": {},
          "top": {},
          "tmot": {}
        },
        "name": "matrix"
      },
      "col": {
        "key": {
          "stagger": 8,
          "splay": -6
        },
        "rows": {
          "tmot": {
            "skip": true
          }
        },
        "name": "ring"
      },
      "row": "bottom",
      "bind": [
        10,
        0,
        0,
        10
      ]
    }
  },
  "matrix_ring_home": {
    "x": 35.2625439,
    "y": 34.1851446,
    "r": 2,
    "meta": {
      "stagger": 8,
      "spread": 19,
      "splay": -6,
      "origin": [
        0,
        0
      ],
      "orient": 0,
      "shift": [
        0,
        0
      ],
      "rotate": 0,
      "adjust": {},
      "width": 18,
      "height": 18,
      "padding": 19,
      "autobind": 10,
      "skip": false,
      "asym": "both",
      "colrow": "ring_home",
      "name": "matrix_ring_home",
      "zone": {
        "columns": {
          "outer": {
            "key": {
              "stagger": -1,
              "splay": 18
            },
            "rows": {
              "tmot": {
                "skip": true
              }
            },
            "name": "outer"
          },
          "pinky": {
            "key": {
              "stagger": 3
            },
            "rows": {
              "tmot": {
                "skip": true
              }
            },
            "name": "pinky"
          },
          "ring": {
            "key": {
              "stagger": 8,
              "splay": -6
            },
            "rows": {
              "tmot": {
                "skip": true
              }
            },
            "name": "ring"
          },
          "middle": {
            "rows": {
              "tmot": {
                "skip": true
              }
            },
            "key": {
              "stagger": 5,
              "splay": -2
            },
            "name": "middle"
          },
          "index": {
            "rows": {
              "tmot": {
                "skip": true
              }
            },
            "key": {
              "stagger": -5
            },
            "name": "index"
          },
          "inner": {
            "rows": {
              "tmot": {
                "skip": true
              }
            },
            "key": {
              "stagger": -6
            },
            "name": "inner"
          }
        },
        "rows": {
          "bottom": {},
          "home": {},
          "top": {},
          "tmot": {}
        },
        "name": "matrix"
      },
      "col": {
        "key": {
          "stagger": 8,
          "splay": -6
        },
        "rows": {
          "tmot": {
            "skip": true
          }
        },
        "name": "ring"
      },
      "row": "home",
      "bind": [
        10,
        10,
        10,
        10
      ]
    }
  },
  "matrix_ring_top": {
    "x": 34.5994535,
    "y": 53.1735703,
    "r": 2,
    "meta": {
      "stagger": 8,
      "spread": 19,
      "splay": -6,
      "origin": [
        0,
        0
      ],
      "orient": 0,
      "shift": [
        0,
        0
      ],
      "rotate": 0,
      "adjust": {},
      "width": 18,
      "height": 18,
      "padding": 19,
      "autobind": 10,
      "skip": false,
      "asym": "both",
      "colrow": "ring_top",
      "name": "matrix_ring_top",
      "zone": {
        "columns": {
          "outer": {
            "key": {
              "stagger": -1,
              "splay": 18
            },
            "rows": {
              "tmot": {
                "skip": true
              }
            },
            "name": "outer"
          },
          "pinky": {
            "key": {
              "stagger": 3
            },
            "rows": {
              "tmot": {
                "skip": true
              }
            },
            "name": "pinky"
          },
          "ring": {
            "key": {
              "stagger": 8,
              "splay": -6
            },
            "rows": {
              "tmot": {
                "skip": true
              }
            },
            "name": "ring"
          },
          "middle": {
            "rows": {
              "tmot": {
                "skip": true
              }
            },
            "key": {
              "stagger": 5,
              "splay": -2
            },
            "name": "middle"
          },
          "index": {
            "rows": {
              "tmot": {
                "skip": true
              }
            },
            "key": {
              "stagger": -5
            },
            "name": "index"
          },
          "inner": {
            "rows": {
              "tmot": {
                "skip": true
              }
            },
            "key": {
              "stagger": -6
            },
            "name": "inner"
          }
        },
        "rows": {
          "bottom": {},
          "home": {},
          "top": {},
          "tmot": {}
        },
        "name": "matrix"
      },
      "col": {
        "key": {
          "stagger": 8,
          "splay": -6
        },
        "rows": {
          "tmot": {
            "skip": true
          }
        },
        "name": "ring"
      },
      "row": "top",
      "bind": [
        10,
        10,
        10,
        10
      ]
    }
  },
  "matrix_middle_bottom": {
    "x": 54.7395625,
    "y": 20.8567634,
    "r": 0,
    "meta": {
      "stagger": 5,
      "spread": 19,
      "splay": -2,
      "origin": [
        0,
        0
      ],
      "orient": 0,
      "shift": [
        0,
        0
      ],
      "rotate": 0,
      "adjust": {},
      "width": 18,
      "height": 18,
      "padding": 19,
      "autobind": 10,
      "skip": false,
      "asym": "both",
      "colrow": "middle_bottom",
      "name": "matrix_middle_bottom",
      "zone": {
        "columns": {
          "outer": {
            "key": {
              "stagger": -1,
              "splay": 18
            },
            "rows": {
              "tmot": {
                "skip": true
              }
            },
            "name": "outer"
          },
          "pinky": {
            "key": {
              "stagger": 3
            },
            "rows": {
              "tmot": {
                "skip": true
              }
            },
            "name": "pinky"
          },
          "ring": {
            "key": {
              "stagger": 8,
              "splay": -6
            },
            "rows": {
              "tmot": {
                "skip": true
              }
            },
            "name": "ring"
          },
          "middle": {
            "rows": {
              "tmot": {
                "skip": true
              }
            },
            "key": {
              "stagger": 5,
              "splay": -2
            },
            "name": "middle"
          },
          "index": {
            "rows": {
              "tmot": {
                "skip": true
              }
            },
            "key": {
              "stagger": -5
            },
            "name": "index"
          },
          "inner": {
            "rows": {
              "tmot": {
                "skip": true
              }
            },
            "key": {
              "stagger": -6
            },
            "name": "inner"
          }
        },
        "rows": {
          "bottom": {},
          "home": {},
          "top": {},
          "tmot": {}
        },
        "name": "matrix"
      },
      "col": {
        "rows": {
          "tmot": {
            "skip": true
          }
        },
        "key": {
          "stagger": 5,
          "splay": -2
        },
        "name": "middle"
      },
      "row": "bottom",
      "bind": [
        10,
        10,
        0,
        10
      ]
    }
  },
  "matrix_middle_home": {
    "x": 54.7395625,
    "y": 39.8567634,
    "r": 0,
    "meta": {
      "stagger": 5,
      "spread": 19,
      "splay": -2,
      "origin": [
        0,
        0
      ],
      "orient": 0,
      "shift": [
        0,
        0
      ],
      "rotate": 0,
      "adjust": {},
      "width": 18,
      "height": 18,
      "padding": 19,
      "autobind": 10,
      "skip": false,
      "asym": "both",
      "colrow": "middle_home",
      "name": "matrix_middle_home",
      "zone": {
        "columns": {
          "outer": {
            "key": {
              "stagger": -1,
              "splay": 18
            },
            "rows": {
              "tmot": {
                "skip": true
              }
            },
            "name": "outer"
          },
          "pinky": {
            "key": {
              "stagger": 3
            },
            "rows": {
              "tmot": {
                "skip": true
              }
            },
            "name": "pinky"
          },
          "ring": {
            "key": {
              "stagger": 8,
              "splay": -6
            },
            "rows": {
              "tmot": {
                "skip": true
              }
            },
            "name": "ring"
          },
          "middle": {
            "rows": {
              "tmot": {
                "skip": true
              }
            },
            "key": {
              "stagger": 5,
              "splay": -2
            },
            "name": "middle"
          },
          "index": {
            "rows": {
              "tmot": {
                "skip": true
              }
            },
            "key": {
              "stagger": -5
            },
            "name": "index"
          },
          "inner": {
            "rows": {
              "tmot": {
                "skip": true
              }
            },
            "key": {
              "stagger": -6
            },
            "name": "inner"
          }
        },
        "rows": {
          "bottom": {},
          "home": {},
          "top": {},
          "tmot": {}
        },
        "name": "matrix"
      },
      "col": {
        "rows": {
          "tmot": {
            "skip": true
          }
        },
        "key": {
          "stagger": 5,
          "splay": -2
        },
        "name": "middle"
      },
      "row": "home",
      "bind": [
        10,
        10,
        10,
        10
      ]
    }
  },
  "matrix_middle_top": {
    "x": 54.7395625,
    "y": 58.8567634,
    "r": 0,
    "meta": {
      "stagger": 5,
      "spread": 19,
      "splay": -2,
      "origin": [
        0,
        0
      ],
      "orient": 0,
      "shift": [
        0,
        0
      ],
      "rotate": 0,
      "adjust": {},
      "width": 18,
      "height": 18,
      "padding": 19,
      "autobind": 10,
      "skip": false,
      "asym": "both",
      "colrow": "middle_top",
      "name": "matrix_middle_top",
      "zone": {
        "columns": {
          "outer": {
            "key": {
              "stagger": -1,
              "splay": 18
            },
            "rows": {
              "tmot": {
                "skip": true
              }
            },
            "name": "outer"
          },
          "pinky": {
            "key": {
              "stagger": 3
            },
            "rows": {
              "tmot": {
                "skip": true
              }
            },
            "name": "pinky"
          },
          "ring": {
            "key": {
              "stagger": 8,
              "splay": -6
            },
            "rows": {
              "tmot": {
                "skip": true
              }
            },
            "name": "ring"
          },
          "middle": {
            "rows": {
              "tmot": {
                "skip": true
              }
            },
            "key": {
              "stagger": 5,
              "splay": -2
            },
            "name": "middle"
          },
          "index": {
            "rows": {
              "tmot": {
                "skip": true
              }
            },
            "key": {
              "stagger": -5
            },
            "name": "index"
          },
          "inner": {
            "rows": {
              "tmot": {
                "skip": true
              }
            },
            "key": {
              "stagger": -6
            },
            "name": "inner"
          }
        },
        "rows": {
          "bottom": {},
          "home": {},
          "top": {},
          "tmot": {}
        },
        "name": "matrix"
      },
      "col": {
        "rows": {
          "tmot": {
            "skip": true
          }
        },
        "key": {
          "stagger": 5,
          "splay": -2
        },
        "name": "middle"
      },
      "row": "top",
      "bind": [
        10,
        10,
        10,
        10
      ]
    }
  },
  "matrix_index_bottom": {
    "x": 73.7395625,
    "y": 15.8567635,
    "r": 0,
    "meta": {
      "stagger": -5,
      "spread": 19,
      "splay": 0,
      "origin": [
        0,
        0
      ],
      "orient": 0,
      "shift": [
        0,
        0
      ],
      "rotate": 0,
      "adjust": {},
      "width": 18,
      "height": 18,
      "padding": 19,
      "autobind": 10,
      "skip": false,
      "asym": "both",
      "colrow": "index_bottom",
      "name": "matrix_index_bottom",
      "zone": {
        "columns": {
          "outer": {
            "key": {
              "stagger": -1,
              "splay": 18
            },
            "rows": {
              "tmot": {
                "skip": true
              }
            },
            "name": "outer"
          },
          "pinky": {
            "key": {
              "stagger": 3
            },
            "rows": {
              "tmot": {
                "skip": true
              }
            },
            "name": "pinky"
          },
          "ring": {
            "key": {
              "stagger": 8,
              "splay": -6
            },
            "rows": {
              "tmot": {
                "skip": true
              }
            },
            "name": "ring"
          },
          "middle": {
            "rows": {
              "tmot": {
                "skip": true
              }
            },
            "key": {
              "stagger": 5,
              "splay": -2
            },
            "name": "middle"
          },
          "index": {
            "rows": {
              "tmot": {
                "skip": true
              }
            },
            "key": {
              "stagger": -5
            },
            "name": "index"
          },
          "inner": {
            "rows": {
              "tmot": {
                "skip": true
              }
            },
            "key": {
              "stagger": -6
            },
            "name": "inner"
          }
        },
        "rows": {
          "bottom": {},
          "home": {},
          "top": {},
          "tmot": {}
        },
        "name": "matrix"
      },
      "col": {
        "rows": {
          "tmot": {
            "skip": true
          }
        },
        "key": {
          "stagger": -5
        },
        "name": "index"
      },
      "row": "bottom",
      "bind": [
        10,
        10,
        0,
        0
      ]
    }
  },
  "matrix_index_home": {
    "x": 73.7395625,
    "y": 34.8567635,
    "r": 0,
    "meta": {
      "stagger": -5,
      "spread": 19,
      "splay": 0,
      "origin": [
        0,
        0
      ],
      "orient": 0,
      "shift": [
        0,
        0
      ],
      "rotate": 0,
      "adjust": {},
      "width": 18,
      "height": 18,
      "padding": 19,
      "autobind": 10,
      "skip": false,
      "asym": "both",
      "colrow": "index_home",
      "name": "matrix_index_home",
      "zone": {
        "columns": {
          "outer": {
            "key": {
              "stagger": -1,
              "splay": 18
            },
            "rows": {
              "tmot": {
                "skip": true
              }
            },
            "name": "outer"
          },
          "pinky": {
            "key": {
              "stagger": 3
            },
            "rows": {
              "tmot": {
                "skip": true
              }
            },
            "name": "pinky"
          },
          "ring": {
            "key": {
              "stagger": 8,
              "splay": -6
            },
            "rows": {
              "tmot": {
                "skip": true
              }
            },
            "name": "ring"
          },
          "middle": {
            "rows": {
              "tmot": {
                "skip": true
              }
            },
            "key": {
              "stagger": 5,
              "splay": -2
            },
            "name": "middle"
          },
          "index": {
            "rows": {
              "tmot": {
                "skip": true
              }
            },
            "key": {
              "stagger": -5
            },
            "name": "index"
          },
          "inner": {
            "rows": {
              "tmot": {
                "skip": true
              }
            },
            "key": {
              "stagger": -6
            },
            "name": "inner"
          }
        },
        "rows": {
          "bottom": {},
          "home": {},
          "top": {},
          "tmot": {}
        },
        "name": "matrix"
      },
      "col": {
        "rows": {
          "tmot": {
            "skip": true
          }
        },
        "key": {
          "stagger": -5
        },
        "name": "index"
      },
      "row": "home",
      "bind": [
        10,
        10,
        10,
        10
      ]
    }
  },
  "matrix_index_top": {
    "x": 73.7395625,
    "y": 53.8567635,
    "r": 0,
    "meta": {
      "stagger": -5,
      "spread": 19,
      "splay": 0,
      "origin": [
        0,
        0
      ],
      "orient": 0,
      "shift": [
        0,
        0
      ],
      "rotate": 0,
      "adjust": {},
      "width": 18,
      "height": 18,
      "padding": 19,
      "autobind": 10,
      "skip": false,
      "asym": "both",
      "colrow": "index_top",
      "name": "matrix_index_top",
      "zone": {
        "columns": {
          "outer": {
            "key": {
              "stagger": -1,
              "splay": 18
            },
            "rows": {
              "tmot": {
                "skip": true
              }
            },
            "name": "outer"
          },
          "pinky": {
            "key": {
              "stagger": 3
            },
            "rows": {
              "tmot": {
                "skip": true
              }
            },
            "name": "pinky"
          },
          "ring": {
            "key": {
              "stagger": 8,
              "splay": -6
            },
            "rows": {
              "tmot": {
                "skip": true
              }
            },
            "name": "ring"
          },
          "middle": {
            "rows": {
              "tmot": {
                "skip": true
              }
            },
            "key": {
              "stagger": 5,
              "splay": -2
            },
            "name": "middle"
          },
          "index": {
            "rows": {
              "tmot": {
                "skip": true
              }
            },
            "key": {
              "stagger": -5
            },
            "name": "index"
          },
          "inner": {
            "rows": {
              "tmot": {
                "skip": true
              }
            },
            "key": {
              "stagger": -6
            },
            "name": "inner"
          }
        },
        "rows": {
          "bottom": {},
          "home": {},
          "top": {},
          "tmot": {}
        },
        "name": "matrix"
      },
      "col": {
        "rows": {
          "tmot": {
            "skip": true
          }
        },
        "key": {
          "stagger": -5
        },
        "name": "index"
      },
      "row": "top",
      "bind": [
        10,
        10,
        10,
        10
      ]
    }
  },
  "matrix_inner_bottom": {
    "x": 92.7395625,
    "y": 9.8567634,
    "r": 0,
    "meta": {
      "stagger": -6,
      "spread": 19,
      "splay": 0,
      "origin": [
        0,
        0
      ],
      "orient": 0,
      "shift": [
        0,
        0
      ],
      "rotate": 0,
      "adjust": {},
      "width": 18,
      "height": 18,
      "padding": 19,
      "autobind": 10,
      "skip": false,
      "asym": "both",
      "colrow": "inner_bottom",
      "name": "matrix_inner_bottom",
      "zone": {
        "columns": {
          "outer": {
            "key": {
              "stagger": -1,
              "splay": 18
            },
            "rows": {
              "tmot": {
                "skip": true
              }
            },
            "name": "outer"
          },
          "pinky": {
            "key": {
              "stagger": 3
            },
            "rows": {
              "tmot": {
                "skip": true
              }
            },
            "name": "pinky"
          },
          "ring": {
            "key": {
              "stagger": 8,
              "splay": -6
            },
            "rows": {
              "tmot": {
                "skip": true
              }
            },
            "name": "ring"
          },
          "middle": {
            "rows": {
              "tmot": {
                "skip": true
              }
            },
            "key": {
              "stagger": 5,
              "splay": -2
            },
            "name": "middle"
          },
          "index": {
            "rows": {
              "tmot": {
                "skip": true
              }
            },
            "key": {
              "stagger": -5
            },
            "name": "index"
          },
          "inner": {
            "rows": {
              "tmot": {
                "skip": true
              }
            },
            "key": {
              "stagger": -6
            },
            "name": "inner"
          }
        },
        "rows": {
          "bottom": {},
          "home": {},
          "top": {},
          "tmot": {}
        },
        "name": "matrix"
      },
      "col": {
        "rows": {
          "tmot": {
            "skip": true
          }
        },
        "key": {
          "stagger": -6
        },
        "name": "inner"
      },
      "row": "bottom",
      "bind": [
        10,
        0,
        0,
        0
      ]
    }
  },
  "matrix_inner_home": {
    "x": 92.7395625,
    "y": 28.8567633,
    "r": 0,
    "meta": {
      "stagger": -6,
      "spread": 19,
      "splay": 0,
      "origin": [
        0,
        0
      ],
      "orient": 0,
      "shift": [
        0,
        0
      ],
      "rotate": 0,
      "adjust": {},
      "width": 18,
      "height": 18,
      "padding": 19,
      "autobind": 10,
      "skip": false,
      "asym": "both",
      "colrow": "inner_home",
      "name": "matrix_inner_home",
      "zone": {
        "columns": {
          "outer": {
            "key": {
              "stagger": -1,
              "splay": 18
            },
            "rows": {
              "tmot": {
                "skip": true
              }
            },
            "name": "outer"
          },
          "pinky": {
            "key": {
              "stagger": 3
            },
            "rows": {
              "tmot": {
                "skip": true
              }
            },
            "name": "pinky"
          },
          "ring": {
            "key": {
              "stagger": 8,
              "splay": -6
            },
            "rows": {
              "tmot": {
                "skip": true
              }
            },
            "name": "ring"
          },
          "middle": {
            "rows": {
              "tmot": {
                "skip": true
              }
            },
            "key": {
              "stagger": 5,
              "splay": -2
            },
            "name": "middle"
          },
          "index": {
            "rows": {
              "tmot": {
                "skip": true
              }
            },
            "key": {
              "stagger": -5
            },
            "name": "index"
          },
          "inner": {
            "rows": {
              "tmot": {
                "skip": true
              }
            },
            "key": {
              "stagger": -6
            },
            "name": "inner"
          }
        },
        "rows": {
          "bottom": {},
          "home": {},
          "top": {},
          "tmot": {}
        },
        "name": "matrix"
      },
      "col": {
        "rows": {
          "tmot": {
            "skip": true
          }
        },
        "key": {
          "stagger": -6
        },
        "name": "inner"
      },
      "row": "home",
      "bind": [
        10,
        0,
        10,
        10
      ]
    }
  },
  "matrix_inner_top": {
    "x": 92.7395625,
    "y": 47.8567633,
    "r": 0,
    "meta": {
      "stagger": -6,
      "spread": 19,
      "splay": 0,
      "origin": [
        0,
        0
      ],
      "orient": 0,
      "shift": [
        0,
        0
      ],
      "rotate": 0,
      "adjust": {},
      "width": 18,
      "height": 18,
      "padding": 19,
      "autobind": 10,
      "skip": false,
      "asym": "both",
      "colrow": "inner_top",
      "name": "matrix_inner_top",
      "zone": {
        "columns": {
          "outer": {
            "key": {
              "stagger": -1,
              "splay": 18
            },
            "rows": {
              "tmot": {
                "skip": true
              }
            },
            "name": "outer"
          },
          "pinky": {
            "key": {
              "stagger": 3
            },
            "rows": {
              "tmot": {
                "skip": true
              }
            },
            "name": "pinky"
          },
          "ring": {
            "key": {
              "stagger": 8,
              "splay": -6
            },
            "rows": {
              "tmot": {
                "skip": true
              }
            },
            "name": "ring"
          },
          "middle": {
            "rows": {
              "tmot": {
                "skip": true
              }
            },
            "key": {
              "stagger": 5,
              "splay": -2
            },
            "name": "middle"
          },
          "index": {
            "rows": {
              "tmot": {
                "skip": true
              }
            },
            "key": {
              "stagger": -5
            },
            "name": "index"
          },
          "inner": {
            "rows": {
              "tmot": {
                "skip": true
              }
            },
            "key": {
              "stagger": -6
            },
            "name": "inner"
          }
        },
        "rows": {
          "bottom": {},
          "home": {},
          "top": {},
          "tmot": {}
        },
        "name": "matrix"
      },
      "col": {
        "rows": {
          "tmot": {
            "skip": true
          }
        },
        "key": {
          "stagger": -6
        },
        "name": "inner"
      },
      "row": "top",
      "bind": [
        10,
        0,
        10,
        10
      ]
    }
  },
  "thumb_a": {
    "x": 88.6326978,
    "y": -15.628336,
    "r": -10,
    "meta": {
      "stagger": 0,
      "spread": 21,
      "splay": 0,
      "origin": [
        0,
        0
      ],
      "orient": 0,
      "shift": [
        0,
        0
      ],
      "rotate": 0,
      "adjust": {},
      "width": 18,
      "height": 18,
      "padding": 19,
      "autobind": 10,
      "skip": false,
      "asym": "both",
      "colrow": "a_default",
      "name": "thumb_a",
      "zone": {
        "columns": {
          "a": {
            "key": {
              "splay": 0,
              "spread": 21
            },
            "rows": {},
            "name": "a"
          },
          "b": {
            "key": {
              "splay": -25,
              "spread": 21
            },
            "rows": {},
            "name": "b"
          },
          "c": {
            "key": {
              "splay": -20,
              "spread": 21
            },
            "rows": {},
            "name": "c"
          },
          "d": {
            "key": {
              "splay": -20,
              "spread": 21
            },
            "rows": {},
            "name": "d"
          }
        },
        "name": "thumb"
      },
      "col": {
        "key": {
          "splay": 0,
          "spread": 21
        },
        "rows": {},
        "name": "a"
      },
      "row": "default",
      "bind": [
        0,
        10,
        0,
        0
      ]
    }
  },
  "thumb_b": {
    "x": 109.3136606,
    "y": -19.2749477,
    "r": -35,
    "meta": {
      "stagger": 0,
      "spread": 21,
      "splay": -25,
      "origin": [
        0,
        0
      ],
      "orient": 0,
      "shift": [
        0,
        0
      ],
      "rotate": 0,
      "adjust": {},
      "width": 18,
      "height": 18,
      "padding": 19,
      "autobind": 10,
      "skip": false,
      "asym": "both",
      "colrow": "b_default",
      "name": "thumb_b",
      "zone": {
        "columns": {
          "a": {
            "key": {
              "splay": 0,
              "spread": 21
            },
            "rows": {},
            "name": "a"
          },
          "b": {
            "key": {
              "splay": -25,
              "spread": 21
            },
            "rows": {},
            "name": "b"
          },
          "c": {
            "key": {
              "splay": -20,
              "spread": 21
            },
            "rows": {},
            "name": "c"
          },
          "d": {
            "key": {
              "splay": -20,
              "spread": 21
            },
            "rows": {},
            "name": "d"
          }
        },
        "name": "thumb"
      },
      "col": {
        "key": {
          "splay": -25,
          "spread": 21
        },
        "rows": {},
        "name": "b"
      },
      "row": "default",
      "bind": [
        0,
        0,
        0,
        10
      ]
    }
  },
  "thumb_c": {
    "x": 126.5158535,
    "y": -31.3200529,
    "r": -55,
    "meta": {
      "stagger": 0,
      "spread": 21,
      "splay": -20,
      "origin": [
        0,
        0
      ],
      "orient": 0,
      "shift": [
        0,
        0
      ],
      "rotate": 0,
      "adjust": {},
      "width": 18,
      "height": 18,
      "padding": 19,
      "autobind": 10,
      "skip": false,
      "asym": "both",
      "colrow": "c_default",
      "name": "thumb_c",
      "zone": {
        "columns": {
          "a": {
            "key": {
              "splay": 0,
              "spread": 21
            },
            "rows": {},
            "name": "a"
          },
          "b": {
            "key": {
              "splay": -25,
              "spread": 21
            },
            "rows": {},
            "name": "b"
          },
          "c": {
            "key": {
              "splay": -20,
              "spread": 21
            },
            "rows": {},
            "name": "c"
          },
          "d": {
            "key": {
              "splay": -20,
              "spread": 21
            },
            "rows": {},
            "name": "d"
          }
        },
        "name": "thumb"
      },
      "col": {
        "key": {
          "splay": -20,
          "spread": 21
        },
        "rows": {},
        "name": "c"
      },
      "row": "default",
      "bind": [
        0,
        0,
        0,
        0
      ]
    }
  },
  "thumb_d": {
    "x": 138.5609587,
    "y": -48.5222458,
    "r": -75,
    "meta": {
      "stagger": 0,
      "spread": 21,
      "splay": -20,
      "origin": [
        0,
        0
      ],
      "orient": 0,
      "shift": [
        0,
        0
      ],
      "rotate": 0,
      "adjust": {},
      "width": 18,
      "height": 18,
      "padding": 19,
      "autobind": 10,
      "skip": false,
      "asym": "both",
      "colrow": "d_default",
      "name": "thumb_d",
      "zone": {
        "columns": {
          "a": {
            "key": {
              "splay": 0,
              "spread": 21
            },
            "rows": {},
            "name": "a"
          },
          "b": {
            "key": {
              "splay": -25,
              "spread": 21
            },
            "rows": {},
            "name": "b"
          },
          "c": {
            "key": {
              "splay": -20,
              "spread": 21
            },
            "rows": {},
            "name": "c"
          },
          "d": {
            "key": {
              "splay": -20,
              "spread": 21
            },
            "rows": {},
            "name": "d"
          }
        },
        "name": "thumb"
      },
      "col": {
        "key": {
          "splay": -20,
          "spread": 21
        },
        "rows": {},
        "name": "d"
      },
      "row": "default",
      "bind": [
        0,
        0,
        0,
        0
      ]
    }
  }
}